Index,%error  (constand area scaling),% error in (neural network)
1,0.70222366244482,0.0466480902433633
2,0.511913672059215,0.0138400847358086
3,1.33287530738142,0.00027314759634578
4,4.44273456026808,0.0320588839286074
5,0,0
