Index,%error  (constand area scaling),% error in (neural network)
1,0.70222366244482,0.0198178078666574
2,0.511913672059215,0.00919557934810447
3,1.33287530738142,0.01868169003212
4,4.44273456026808,0.0116538655868226
5,0,0
