Index,Percent_Error_CAS_260,Percent_Error_CAS_Nearest,Percent_Error_NN,Percent_Reduction
1,0.70222366244482,7.4873851064215,0.0466480902433633,0
2,0.511913672059215,6.6202241119486,0.0138400847358086,0
3,1.33287530738142,2.22924063706447,0.00027314759634578,0
4,4.44273456026808,4.44273456026808,0.0320588839286074,0
5,0,0,0,0
