DiameterRemoved,AvgMSE,TrainPerformance,ValPerformance,TestPerformance,MSEDeletedDiameter,MSEBEPs,Score
NaN,0.00592759452736055,0.00279947825727644,0.00858360661893764,0.00789285287212106,NaN,0.00126117035295123,0.0034439129067795
220,0.00296101908304412,0.00102624989161313,0.00380699242208654,0.00498429529319868,22.8356035084032,4.24501213858789,9.9851786840526
230,0.00276791505577782,0.00164049194269763,0.00200608541923613,0.00518897116062621,1.49261967049497,0.0387302092195771,0.606710354219085
240,0.00321138373929776,0.00163475155418472,0.00191965414287922,0.00682849362418419,4.58786934066891,0.283660875234423,1.89436586679006
250,0.00207788423025043,0.0014770263826842,0.00328956156438608,0.00175597279428071,1.94770210350989,0.0487227524467673,0.789604460449527
260,0.00376892324235192,0.00291965389657178,0.00600663135696186,0.00278407311306197,16.8870853030707,0.0244238722784072,6.76099365284136
