Index,Percent_Error_CAS_260,Percent_Error_CAS_Nearest,Percent_Error_NN,Percent_Reduction
1,241.145201975254,3.26163528832205,2.54100857923535,2.54100857923535
2,241.798697009427,3.07634920172376,3.58886679185237,3.58886679185237
3,238.978142371045,8.06399356721596,3.08546101037964,3.08546101037964
4,228.29361804097,1.35175244818779,2.20796522655609,2.20796522655609
5,245.536126367697,3.82897073534285,2.29932399938165,2.29932399938165
